ja,kana,ko,note
広尾,ひろお,히로오,자동 변환 시 장음 생략으로 '히로'가 됨
コスモスクエア,コスモスクエア,코스모스퀘어,영어 유래 고유명사 - 현지 한국어 안내 표기
大阪港,おおさかこう,오사카항,'항'은 의미역 관용 표기
虎ノ門ヒルズ,,도라노몬힐스,영어 유래 또는 병기 역명 - 수동 표기
東京テレポート,,도쿄텔레포트,영어 유래 또는 병기 역명 - 수동 표기
天王洲アイル,,덴노즈아일,영어 유래 또는 병기 역명 - 수동 표기
品川シーサイド,,시나가와시사이드,영어 유래 또는 병기 역명 - 수동 표기
流山セントラルパーク,,나가레야마센트럴파크,영어 유래 또는 병기 역명 - 수동 표기
柏の葉キャンパス,,가시와노하캠퍼스,영어 유래 또는 병기 역명 - 수동 표기
センター北,,센터키타,영어 유래 또는 병기 역명 - 수동 표기
センター南,,센터미나미,영어 유래 또는 병기 역명 - 수동 표기
多摩センター,,다마센터,영어 유래 또는 병기 역명 - 수동 표기
明治神宮前〈原宿〉,,메이지진구마에(하라주쿠),영어 유래 또는 병기 역명 - 수동 표기
押上〈スカイツリー前〉,,오시아게(스카이트리마에),영어 유래 또는 병기 역명 - 수동 표기
押上（スカイツリー前）,,오시아게(스카이트리마에),영어 유래 또는 병기 역명 - 수동 표기
明治神宮前（原宿）,,메이지진구마에(하라주쿠),영어 유래 또는 병기 역명 - 수동 표기
大塚・帝京大学,,오쓰카·데이쿄다이가쿠,영어 유래 또는 병기 역명 - 수동 표기
中央大学・明星大学,,주오다이가쿠·메이세이다이가쿠,영어 유래 또는 병기 역명 - 수동 표기
